id,task_id,repetition,arm,passed,agent_status,reason,requests,input_tokens,output_tokens,peak_cny,repair_seconds,patch_sha256,record_sha256
001,more-itertools-windowed-empty-462,1,B,True,completed,,7,83301,962,0.174298,54.21799999999348,faf002bc55d972037f95d2bcf315c31a18337c14a3acff093e50ee7e2eb3fb71,37986155ffbec6a01646e518e83c680b595b1cd5f33599c4f09d3b762bf81298
002,more-itertools-windowed-empty-462,1,C,True,completed,agent_completed,8,75171,992,0.158278,69.14100000000326,93134d00a3a92481ad6f4542b5edd8eeb6895fd0db4ec22243f2384c6928e077,c4323e9eaf50774d424adf65b299eb7dbf81e2844266a0f3b5e2e857379ceca2
003,markdown-quoted-braces-1414,1,C,True,completed,agent_completed,14,267715,5998,0.583414,140.9220000000205,dc7adb014f52798441e08b2937e416bce63c5cdfb71d3a4e5304b0a21332dcdb,171f99f1ce8cf3f11e10cd51d9ababaa928bd538e66b9dbe718f37ddfdbdcf16
004,markdown-quoted-braces-1414,1,B,True,completed,,18,563481,9413,1.202266,165.59399999998277,6dfdfeeaa9ddd800b31058252d6aff7cf8e04493d639bdade891845a1866f95d,2aeb3e9cf74bacc487ef4dbfdb8eb20a9290295906349deeef94f11e1c530406
005,click-completion-resources-2800,1,B,False,completed,infrastructure: raw patch includes harness .tracefix-test-tmp products; independent RunTestsTool rejected existing temporary path,16,632357,2496,1.2846819999999999,118.92199999999139,5ef0d60cdc547d0ed25d5c6ecc4ab19a920c436b6bbebbab158f420987981744,d261b6436e0b6cca608bd0f380f59dc52c8f5ff5659a59b747de0048f0376e2f
006,click-completion-resources-2800,1,C,True,completed,agent_completed,14,216221,2319,0.450994,125.67199999999139,c9d91e033b87da920b06baa7616c9db386bf50332e923fc15e41ac0ff347f228,0050274526761b9c546b689322ce7e3f6346bb62564b708992293677c6329350
007,psf__requests-1142,1,C,True,completed,agent_completed,9,109744,1343,0.230232,78.45299999997951,b9f0649659a31b2c6413f2d1ed3859591e70ec941fb6b843f2ba22099fb902e3,8a645b99a0f1719be495789fac298cb3276584bf2eb90165ed5904bad02694c0
008,psf__requests-1142,1,B,True,completed,,14,181569,2715,0.384858,98.85899999999674,8ce777dc1930e888fac3b86adcdfa06f34e0999878b6308a048cfe395b8e9cfb,61fa9842acbb3f8f6cd6c2a1a58354d3e5748309163faf882774f1b2a0c37e84
009,psf__requests-1766,1,B,True,completed,,7,61715,830,0.13007,49.812999999994645,865cbecb41bae19fd448594f41b35d2987244a9b619d84a83d3262ae9e2a85dc,299837b8cc0dd5f755ef3b319dbfee3cef74840803772594a1fd5bf1c1884504
010,psf__requests-1766,1,C,True,completed,agent_completed,7,64178,740,0.134276,63.65700000000652,865cbecb41bae19fd448594f41b35d2987244a9b619d84a83d3262ae9e2a85dc,b00d462e597758e93854edc70b0cc8e2097375f59f86bde22ef4993286bf6df2
011,pytest-dev__pytest-10051,1,C,False,completed,agent_completed,8,86836,1046,0.18204,74.68700000000536,254d1be8fb87f006f70c366d3b609c8a95ba253ea99fd81db1f91f500a75fffd,7885c7358c8c16d19325afc478bc7c81bd80d9872ed23b1fa2bba7718843a981
012,pytest-dev__pytest-10051,1,B,True,completed,,11,213431,1657,0.440118,78.20300000000861,c66d3b51ab810127789748277456dfd54fad3794d1cc04439c2bc51d706e961b,fc3831a6642e596de0ae686623bf0bb99113d086ef79ee5a91f51ad0df14ca72
013,pytest-dev__pytest-10081,1,B,True,budget_exhausted,fee or provider context exhausted; request not sent,52,1115518,9366,2.305964,377.51500000001397,342dca0e16d6dd68604fab6d9426022720ff6ff49884369679e2c64b55b5db08,1e1604be98ccd704506e8556f25a78999cdf5f459dcdb9cbc2686593092fdbd6
014,pytest-dev__pytest-10081,1,C,True,completed,agent_completed,16,234945,2576,0.490498,139.875,c276cf8aa4de0f17f11d0904bf905aeefe2036142a805e50fe57b6e730c02b89,5aa40eb3715901d22fc6e76d2d92a6b41547e3c549af5ec5a087f4fcb7fcf00c
015,pytest-dev__pytest-10356,1,C,False,completed,agent_completed,21,346548,2986,0.716984,169.39100000000326,58d7acd82fc30d962e18a38676906fdd3b27678f8d6c7aa526368fd980729c5e,a9b19ca20f30e0c034812a76953958623aa4f60aec3795001ca72b2bbf8ff4cb
016,pytest-dev__pytest-10356,1,B,False,budget_exhausted,fee or provider context exhausted; request not sent,28,1017961,5252,2.077938,210.20300000000861,4d179a856121ee935034d66a294a424925722bbedb3fc2185223a837674932b7,339511731dffd48ffe01e4de649a6d48a07910e85ce77638c8eeb185b924fc10
017,sphinx-doc__sphinx-10435,1,B,False,completed,real experiment git command failed,26,617866,5186,1.27722,309.73400000002584,790d04625285777dbc9bbe310ef151f8149619248f7203c00abfd55ac5ea9d4e,59440dce3e33e27379f6cf496852c486ee39874851426c0188a85a764a9250a3
018,sphinx-doc__sphinx-10435,1,C,False,completed,agent_completed,8,92350,1234,0.194572,81.0,97591fe18a59069ac3bbb097f7e1285c26c28fa4fe4316b9be86fc9ac393805e,f974be879c489a214678f6b981a984b61a043355c26a87032fc3adffe9781e92
019,sphinx-doc__sphinx-10449,1,C,False,interrupted,token_budget_exceeded,37,1051978,11717,2.197692,359.9070000000065,e3b0c44298fc1c149afbf4c8996fb92427ae41e4649b934ca495991b7852b855,c8f7e345ce51d8b5bbb3568bf5df0180d8cee74b88be3b6c206fa77b7f2e3e63
020,sphinx-doc__sphinx-10449,1,B,False,completed,real experiment git command failed,24,692861,4128,1.418746,235.18700000000536,e3fc2b1dd62ab64bfb70fda3128ae09d6b8b80eeb4945f459bf9b57df83239a7,e6a7904469d2aad9cdad72ef898a33b9505b7f4b104fbf55f75456be7d1921e1
